"indexer[Asset Reference]","raceRowRef[Asset Reference]","genderRowRef[Asset Reference]","index1[Asset Reference]","index2[Asset Reference]","index3[Asset Reference]"
"6C681123E8B36C6C","0BADBADBADBADBAD","0BADBADBADBADBAD","8CAD16952CB8AD0A","58F8FA10983E3339","2D003627BFB2EF3A"
"6C681123E8B36C6C","0BADBADBADBADBAD","0BADBADBADBADBAD","4E1D679EB7EA3324","DEE46B7A3EEA133D","C14EA475A0352D30"
"6C681123E8B36C6C","0BADBADBADBADBAD","0BADBADBADBADBAD","468C51EE0EBA3D69","EA1F0BB760D9FE3B","6B8BE18811A90D9A"
"6C681123E8B36C6C","0BADBADBADBADBAD","0BADBADBADBADBAD","C4AF5ABEE73964C0","83FD5D406A6434E7","435BE3399890BB4E"
"6C681123E8B36C6C","0BADBADBADBADBAD","0BADBADBADBADBAD","4B98392758B6CCF9","ED2733F6809AB950","2F182AE3E5163529"
"6C681123E8B36C6C","0BADBADBADBADBAD","0BADBADBADBADBAD","A894C59FEFAE7513","890F684748C1BD23","A85EFCC76F32CAFC"
"6C681123E8B36C6C","0BADBADBADBADBAD","0BADBADBADBADBAD","3A8C300151795B64","4F821DCFFA7A8634","0BADBADBADBADBAD"
"6C681123E8B36C6C","0BADBADBADBADBAD","0BADBADBADBADBAD","98E0628E5A952529","0BADBADBADBADBAD","0BADBADBADBADBAD"
"6C681123E8B36C6C","0BADBADBADBADBAD","0BADBADBADBADBAD","793193504F7ADAB0","C6CF90927BDACB76","0BADBADBADBADBAD"
"6C681123E8B36C6C","0BADBADBADBADBAD","0BADBADBADBADBAD","2D8938E569BAC602","708F6D1A7102BB74","0BADBADBADBADBAD"
"6C681123E8B36C6C","0BADBADBADBADBAD","0BADBADBADBADBAD","126BD5B64CD55288","8883F73713D75926","4BECC42D5FCE1BE5"
"6C681123E8B36C6C","0BADBADBADBADBAD","0BADBADBADBADBAD","36F9FFEB958A3435","0BADBADBADBADBAD","0BADBADBADBADBAD"